model,scope,n_images,ap,ap50,ap75,ar100,best_tau_mae,mae_at_best,f1_at_best_tau,best_tau_f1,f1_max
cfd17_frozen_s0_best,full,36632,0.3966,0.69673,0.4083,0.54327,0.35,0.64809,0.69778,0.35,0.69778
cfd17_frozen_s0_best,brackish_dataset,3127,0.32336,0.67582,0.25324,0.43664,0.4,0.24464,0.71342,0.35,0.71872
cfd17_frozen_s0_best,coralscapes,392,0.26918,0.58467,0.21093,0.39636,0.35,1.98469,0.62124,0.35,0.62124
cfd17_frozen_s0_best,deep_vision,305,0.32432,0.65233,0.27908,0.54261,0.3,1.59672,0.6461,0.25,0.65599
cfd17_frozen_s0_best,deepfish,53,0.50421,0.79062,0.60742,0.62987,0.2,0.35849,0.81871,0.25,0.82927
cfd17_frozen_s0_best,f4k,191,0.36689,0.76665,0.30582,0.48872,0.25,0.65969,0.73016,0.3,0.73219
cfd17_frozen_s0_best,fathomnet,3999,0.33356,0.65655,0.31062,0.4947,0.35,0.69992,0.67863,0.35,0.67863
cfd17_frozen_s0_best,fishclef,2604,0.43952,0.80374,0.44476,0.58006,0.25,0.58141,0.75811,0.25,0.75811
cfd17_frozen_s0_best,kakadu,4000,0.54075,0.86953,0.61943,0.65209,0.35,0.5335,0.82996,0.35,0.82996
cfd17_frozen_s0_best,marine_detect,4000,0.34519,0.61291,0.35084,0.58469,0.4,1.185,0.59922,0.35,0.61441
cfd17_frozen_s0_best,mit_river_herring,4000,0.24717,0.61846,0.11038,0.42029,0.35,0.255,0.6522,0.3,0.65313
cfd17_frozen_s0_best,noaa_puget,4000,0.12225,0.23593,0.11709,0.3333,0.45,0.227,0.2492,0.3,0.32566
cfd17_frozen_s0_best,project_natick,215,0.13916,0.36492,0.03691,0.39608,0.45,0.21395,0.2,0.3,0.45045
cfd17_frozen_s0_best,roboflow_fish,406,0.40734,0.72115,0.40834,0.59793,0.35,1.133,0.7054,0.35,0.7054
cfd17_frozen_s0_best,salmon_computer_vision,4000,0.49825,0.73555,0.64373,0.74109,0.65,0.343,0.67974,0.6,0.69981
cfd17_frozen_s0_best,torsi,202,0.35536,0.77862,0.26618,0.48398,0.25,2.69802,0.76149,0.25,0.76149
cfd17_frozen_s0_best,viame_fishtrack,4000,0.26016,0.54353,0.20475,0.36598,0.2,0.6925,0.59859,0.25,0.62394
cfd17_frozen_s0_best,zebrafish,1138,0.7561,0.97424,0.94163,0.8082,0.4,0.13357,0.97689,0.4,0.97689
cfd17_frozen_s0_last,full,36632,0.39672,0.69593,0.4036,0.54365,0.35,0.65036,0.69675,0.35,0.69675
cfd17_frozen_s0_last,brackish_dataset,3127,0.31563,0.67599,0.23582,0.43379,0.35,0.24368,0.72188,0.35,0.72188
cfd17_frozen_s0_last,coralscapes,392,0.27357,0.5983,0.21477,0.39796,0.35,1.88776,0.62722,0.35,0.62722
cfd17_frozen_s0_last,deep_vision,305,0.3331,0.6543,0.28491,0.55439,0.25,1.60328,0.64806,0.25,0.64806
cfd17_frozen_s0_last,deepfish,53,0.49733,0.79231,0.50267,0.64156,0.3,0.33962,0.8481,0.3,0.8481
cfd17_frozen_s0_last,f4k,191,0.31262,0.75045,0.17809,0.43759,0.3,0.71204,0.71968,0.35,0.72046
cfd17_frozen_s0_last,fathomnet,3999,0.33569,0.65727,0.31655,0.49603,0.3,0.70043,0.67782,0.3,0.67782
cfd17_frozen_s0_last,fishclef,2604,0.38992,0.78612,0.29576,0.54596,0.3,0.60868,0.74384,0.3,0.74384
cfd17_frozen_s0_last,kakadu,4000,0.54569,0.87318,0.63019,0.65396,0.35,0.512,0.82853,0.35,0.82853
cfd17_frozen_s0_last,marine_detect,4000,0.33348,0.59531,0.33495,0.58096,0.4,1.24575,0.59006,0.35,0.60088
cfd17_frozen_s0_last,mit_river_herring,4000,0.23394,0.6193,0.08972,0.41296,0.3,0.24475,0.66054,0.3,0.66054
cfd17_frozen_s0_last,noaa_puget,4000,0.12056,0.23473,0.11232,0.34165,0.45,0.227,0.24386,0.35,0.31203
cfd17_frozen_s0_last,project_natick,215,0.16004,0.3672,0.07389,0.42353,0.45,0.20465,0.28125,0.3,0.42373
cfd17_frozen_s0_last,roboflow_fish,406,0.38719,0.70894,0.38225,0.57549,0.35,1.19458,0.68805,0.3,0.6945
cfd17_frozen_s0_last,salmon_computer_vision,4000,0.50771,0.75084,0.65539,0.7345,0.65,0.33125,0.69631,0.55,0.70828
cfd17_frozen_s0_last,torsi,202,0.40299,0.79843,0.35676,0.52728,0.2,2.87624,0.78038,0.2,0.78038
cfd17_frozen_s0_last,viame_fishtrack,4000,0.27067,0.55893,0.2192,0.37285,0.2,0.69875,0.62977,0.25,0.64322
cfd17_frozen_s0_last,zebrafish,1138,0.76836,0.97512,0.9473,0.81561,0.4,0.11775,0.97943,0.4,0.97943
cfd17_unfrozen_s0_best,full,36632,0.52011,0.78595,0.57743,0.61519,0.35,0.43549,0.79008,0.35,0.79008
cfd17_unfrozen_s0_best,brackish_dataset,3127,0.4382,0.74714,0.45884,0.52066,0.35,0.18836,0.78518,0.3,0.78589
cfd17_unfrozen_s0_best,coralscapes,392,0.31458,0.66508,0.27043,0.43358,0.4,1.41837,0.69474,0.4,0.69474
cfd17_unfrozen_s0_best,deep_vision,305,0.64594,0.8725,0.74168,0.74436,0.35,0.6459,0.86535,0.35,0.86535
cfd17_unfrozen_s0_best,deepfish,53,0.64342,0.86282,0.77172,0.70519,0.25,0.26415,0.8961,0.25,0.8961
cfd17_unfrozen_s0_best,f4k,191,0.46128,0.83244,0.47026,0.53083,0.2,0.48168,0.80407,0.3,0.81132
cfd17_unfrozen_s0_best,fathomnet,3999,0.45522,0.73494,0.50067,0.55899,0.25,0.59765,0.75844,0.25,0.75844
cfd17_unfrozen_s0_best,fishclef,2604,0.50638,0.82667,0.58593,0.64171,0.25,0.56682,0.77242,0.2,0.77731
cfd17_unfrozen_s0_best,kakadu,4000,0.60315,0.90351,0.71712,0.69563,0.4,0.42325,0.8607,0.35,0.86298
cfd17_unfrozen_s0_best,marine_detect,4000,0.53953,0.77496,0.61036,0.67364,0.4,0.65825,0.77188,0.4,0.77188
cfd17_unfrozen_s0_best,mit_river_herring,4000,0.53684,0.85199,0.63058,0.61487,0.3,0.1265,0.84016,0.4,0.84079
cfd17_unfrozen_s0_best,noaa_puget,4000,0.1476,0.28457,0.13381,0.31046,0.5,0.22425,0.33115,0.3,0.38931
cfd17_unfrozen_s0_best,project_natick,215,0.30812,0.60145,0.24203,0.57451,0.45,0.15814,0.59091,0.45,0.59091
cfd17_unfrozen_s0_best,roboflow_fish,406,0.55357,0.82543,0.63687,0.66601,0.35,0.70197,0.78126,0.4,0.78507
cfd17_unfrozen_s0_best,salmon_computer_vision,4000,0.6346,0.85846,0.77459,0.77856,0.4,0.18375,0.84011,0.4,0.84011
cfd17_unfrozen_s0_best,torsi,202,0.53602,0.88136,0.59112,0.61844,0.25,1.62871,0.87605,0.25,0.87605
cfd17_unfrozen_s0_best,viame_fishtrack,4000,0.29512,0.57219,0.27407,0.37895,0.1,0.6275,0.61447,0.2,0.65965
cfd17_unfrozen_s0_best,zebrafish,1138,0.90654,0.98592,0.97529,0.93339,0.45,0.05009,0.99082,0.45,0.99082
cfd17_unfrozen_s0_last,full,36632,0.52011,0.78595,0.57743,0.61519,0.35,0.43549,0.79008,0.35,0.79008
cfd17_unfrozen_s0_last,brackish_dataset,3127,0.4382,0.74714,0.45884,0.52066,0.35,0.18836,0.78518,0.3,0.78589
cfd17_unfrozen_s0_last,coralscapes,392,0.31458,0.66508,0.27043,0.43358,0.4,1.41837,0.69474,0.4,0.69474
cfd17_unfrozen_s0_last,deep_vision,305,0.64594,0.8725,0.74168,0.74436,0.35,0.6459,0.86535,0.35,0.86535
cfd17_unfrozen_s0_last,deepfish,53,0.64342,0.86282,0.77172,0.70519,0.25,0.26415,0.8961,0.25,0.8961
cfd17_unfrozen_s0_last,f4k,191,0.46128,0.83244,0.47026,0.53083,0.2,0.48168,0.80407,0.3,0.81132
cfd17_unfrozen_s0_last,fathomnet,3999,0.45522,0.73494,0.50067,0.55899,0.25,0.59765,0.75844,0.25,0.75844
cfd17_unfrozen_s0_last,fishclef,2604,0.50638,0.82667,0.58593,0.64171,0.25,0.56682,0.77242,0.2,0.77731
cfd17_unfrozen_s0_last,kakadu,4000,0.60315,0.90351,0.71712,0.69563,0.4,0.42325,0.8607,0.35,0.86298
cfd17_unfrozen_s0_last,marine_detect,4000,0.53953,0.77496,0.61036,0.67364,0.4,0.65825,0.77188,0.4,0.77188
cfd17_unfrozen_s0_last,mit_river_herring,4000,0.53684,0.85199,0.63058,0.61487,0.3,0.1265,0.84016,0.4,0.84079
cfd17_unfrozen_s0_last,noaa_puget,4000,0.1476,0.28457,0.13381,0.31046,0.5,0.22425,0.33115,0.3,0.38931
cfd17_unfrozen_s0_last,project_natick,215,0.30812,0.60145,0.24203,0.57451,0.45,0.15814,0.59091,0.45,0.59091
cfd17_unfrozen_s0_last,roboflow_fish,406,0.55357,0.82543,0.63687,0.66601,0.35,0.70197,0.78126,0.4,0.78507
cfd17_unfrozen_s0_last,salmon_computer_vision,4000,0.6346,0.85846,0.77459,0.77856,0.4,0.18375,0.84011,0.4,0.84011
cfd17_unfrozen_s0_last,torsi,202,0.53602,0.88136,0.59112,0.61844,0.25,1.62871,0.87605,0.25,0.87605
cfd17_unfrozen_s0_last,viame_fishtrack,4000,0.29512,0.57219,0.27407,0.37895,0.1,0.6275,0.61447,0.2,0.65965
cfd17_unfrozen_s0_last,zebrafish,1138,0.90654,0.98592,0.97529,0.93339,0.45,0.05009,0.99082,0.45,0.99082
rfdetr_medium_1024,full,36632,0.60199,0.84041,0.66125,0.70112,0.4,0.3812,0.81611,0.4,0.81611
rfdetr_medium_1024,brackish_dataset,3127,0.51134,0.79653,0.55501,0.65827,0.5,0.1842,0.76619,0.45,0.76641
rfdetr_medium_1024,coralscapes,392,0.36589,0.66226,0.36637,0.48865,0.3,1.78571,0.66845,0.3,0.66845
rfdetr_medium_1024,deep_vision,305,0.77154,0.95101,0.8553,0.85205,0.4,0.4459,0.90977,0.45,0.9104
rfdetr_medium_1024,deepfish,53,0.70986,0.91011,0.82291,0.78442,0.4,0.16981,0.93793,0.4,0.93793
rfdetr_medium_1024,f4k,191,0.54599,0.89236,0.56488,0.68647,0.2,0.55497,0.84158,0.2,0.84158
rfdetr_medium_1024,fathomnet,3999,0.54913,0.81739,0.5959,0.68694,0.35,0.53388,0.7855,0.35,0.7855
rfdetr_medium_1024,fishclef,2604,0.58357,0.88336,0.65335,0.73048,0.4,0.42358,0.82632,0.35,0.8283
rfdetr_medium_1024,kakadu,4000,0.65431,0.94081,0.775,0.74351,0.4,0.368,0.88408,0.4,0.88408
rfdetr_medium_1024,marine_detect,4000,0.64439,0.85026,0.71065,0.75069,0.5,0.58175,0.79124,0.45,0.79496
rfdetr_medium_1024,mit_river_herring,4000,0.73057,0.94495,0.80849,0.82697,0.4,0.056,0.92517,0.4,0.92517
rfdetr_medium_1024,noaa_puget,4000,0.16027,0.25781,0.17141,0.45211,0.65,0.217,0.30805,0.5,0.33773
rfdetr_medium_1024,project_natick,215,0.20631,0.34925,0.2241,0.63137,0.6,0.23256,0.26471,0.45,0.4031
rfdetr_medium_1024,roboflow_fish,406,0.6621,0.8839,0.76201,0.77953,0.6,0.76355,0.81526,0.6,0.81526
rfdetr_medium_1024,salmon_computer_vision,4000,0.86959,0.99993,0.99013,0.91517,0.45,0.002,0.99812,0.45,0.99812
rfdetr_medium_1024,torsi,202,0.59448,0.92165,0.66708,0.678,0.35,1.56436,0.88495,0.4,0.88721
rfdetr_medium_1024,viame_fishtrack,4000,0.31392,0.58471,0.29316,0.42791,0.15,0.547,0.61874,0.3,0.66015
rfdetr_medium_1024,zebrafish,1138,0.95307,0.99466,0.98679,0.97097,0.4,0.0167,0.99604,0.4,0.99604
rfdetr_nano_640,full,36632,0.58761,0.83089,0.64789,0.69157,0.4,0.38581,0.80868,0.45,0.81012
rfdetr_nano_640,brackish_dataset,3127,0.49229,0.78971,0.52468,0.64519,0.45,0.181,0.76324,0.6,0.76424
rfdetr_nano_640,coralscapes,392,0.28163,0.55737,0.25252,0.38544,0.3,1.92092,0.60158,0.3,0.60158
rfdetr_nano_640,deep_vision,305,0.77887,0.95034,0.86932,0.86307,0.45,0.41967,0.90377,0.5,0.90646
rfdetr_nano_640,deepfish,53,0.72702,0.92042,0.8314,0.78831,0.5,0.22642,0.91549,0.5,0.91549
rfdetr_nano_640,f4k,191,0.58609,0.92844,0.62998,0.70677,0.45,0.32461,0.86667,0.45,0.86667
rfdetr_nano_640,fathomnet,3999,0.54036,0.81557,0.58058,0.6803,0.35,0.53913,0.78147,0.4,0.78313
rfdetr_nano_640,fishclef,2604,0.57475,0.88185,0.6431,0.73177,0.4,0.47312,0.81944,0.35,0.82049
rfdetr_nano_640,kakadu,4000,0.63828,0.93083,0.7506,0.73252,0.5,0.38725,0.8766,0.45,0.87894
rfdetr_nano_640,marine_detect,4000,0.63412,0.84798,0.70159,0.73869,0.4,0.55725,0.79655,0.4,0.79655
rfdetr_nano_640,mit_river_herring,4000,0.72729,0.93473,0.81346,0.84566,0.45,0.06625,0.91012,0.5,0.91088
rfdetr_nano_640,noaa_puget,4000,0.11556,0.2028,0.11015,0.41318,0.65,0.2335,0.27859,0.5,0.31671
rfdetr_nano_640,project_natick,215,0.23865,0.4149,0.21899,0.57647,0.65,0.22326,0.33333,0.5,0.44444
rfdetr_nano_640,roboflow_fish,406,0.67048,0.89999,0.77879,0.78845,0.5,0.69458,0.80922,0.45,0.81574
rfdetr_nano_640,salmon_computer_vision,4000,0.87961,0.99967,0.99038,0.92941,0.6,0.0015,0.99859,0.6,0.99859
rfdetr_nano_640,torsi,202,0.59508,0.93142,0.66002,0.68378,0.4,1.42079,0.88489,0.4,0.88489
rfdetr_nano_640,viame_fishtrack,4000,0.30861,0.56285,0.29047,0.42151,0.2,0.5595,0.60185,0.4,0.65078
rfdetr_nano_640,zebrafish,1138,0.90946,0.99402,0.98704,0.94895,0.55,0.02548,0.99515,0.55,0.99515
